ID,X_original,Y_original,Elevation,Z_not_corrected_elevation,Z,azimuth,dip,polarity,formation,series,id,Dataset,X,Y
4300008570,576363,6683132,28,-26,2,0,0,1,unit1,Unit1,1,SIAGAS,576363,6683132
4300008570,576363,6683132,28,-70,-42,0,0,1,unit2,Unit2,2,SIAGAS,576363,6683132
4300008570,576363,6683132,28,-91,-63,0,0,1,unit3,Unit3,3,SIAGAS,576363,6683132
4300025396,587283,6694846,4,-27,-23,0,0,1,unit1,Unit1,1,SIAGAS,587283,6694846
4300025396,587283,6694846,4,-60,-56,0,0,1,unit2,Unit2,2,SIAGAS,587283,6694846
4300025396,587283,6694846,4,-86,-82,0,0,1,unit3,Unit3,3,SIAGAS,587283,6694846
4300020526,601315,6726985,6.79,-22,-15.21,0,0,1,unit1,Unit1,1,SIAGAS,601315,6726985
4300020526,601315,6726985,6.79,-55,-48.21,0,0,1,unit2,Unit2,2,SIAGAS,601315,6726985
4300021805,615509,6743521,2,-20,-18,0,0,1,unit1,Unit1,1,SIAGAS,615509,6743521
4300021805,615509,6743521,2,-88,-86,0,0,1,unit2,Unit2,2,SIAGAS,615509,6743521
4300021805,615509,6743521,2,-90,-88,0,0,1,unit3,Unit3,3,SIAGAS,615509,6743521
4300020530,565115,6687060,12.48,-30,-17.52,0,0,1,unit1,Unit1,1,SIAGAS,565115,6687060
4300020530,565115,6687060,12.48,-62,-49.52,0,0,1,unit2,Unit2,2,SIAGAS,565115,6687060
4300020530*,565115,6687060,12.48,-88,-75.52,0,0,1,unit3,Unit3,3,SIAGAS,565115,6687060
4300025120,580441,6675221,11,-35,-24,0,0,1,unit1,Unit1,1,SIAGAS,580441,6675221
4300025120,580441,6675221,11,-65,-54,0,0,1,unit2,Unit2,2,SIAGAS,580441,6675221
4300025120,580441,6675221,11,-90,-79,0,0,1,unit3,Unit3,3,SIAGAS,580441,6675221
4300017379,580370,6678111,4,-10,-6,0,0,1,unit1,Unit1,1,SIAGAS,580370,6678111
4300017379,580370,6678111,4,-68,-64,0,0,1,unit2,Unit2,2,SIAGAS,580370,6678111
4300017379*,580370,6678111,4,-91,-87,0,0,1,unit3,Unit3,3,SIAGAS,580370,6678111
4300017378,580160,6677209,5,-10,-5,0,0,1,unit1,Unit1,1,SIAGAS,580160,6677209
4300017378,580160,6677209,5,-66,-61,0,0,1,unit2,Unit2,2,SIAGAS,580160,6677209
4300017378,580160,6677209,5,-76,-71,0,0,1,unit3,Unit3,3,SIAGAS,580160,6677209
4300024092,587375,6694839,5,-55,-50,0,0,1,unit2,Unit2,2,SIAGAS,587375,6694839
4300024092,587375,6694839,5,-74,-69,0,0,1,unit3,Unit3,3,SIAGAS,587375,6694839
4300025395,571618,6693335,22,-14,8,0,0,1,unit1,Unit1,1,SIAGAS,571618,6693335
4300025395,571618,6693335,22,-40,-18,0,0,1,unit2,Unit2,2,SIAGAS,571618,6693335
4300025395,571618,6693335,22,-74,-52,0,0,1,unit3,Unit3,3,SIAGAS,571618,6693335
4300025399,572631,6692325,17,-66,-49,0,0,1,unit2,Unit2,2,SIAGAS,572631,6692325
4300025399,572631,6692325,17,-96,-79,0,0,1,unit3,Unit3,3,SIAGAS,572631,6692325
4300027322,574470,6683939,4.75,-12,-7.25,0,0,1,unit1,Unit1,1,SIAGAS,574470,6683939
4300027322,574470,6683939,4.75,-60,-55.25,0,0,1,unit2,Unit2,2,SIAGAS,574470,6683939
4300027322,574470,6683939,4.75,-90,-85.25,0,0,1,unit3,Unit3,3,SIAGAS,574470,6683939
4300024731,575374,6689580,13,-20,-7,0,0,1,unit1,Unit1,1,SIAGAS,575374,6689580
4300024731,575374,6689580,13,-70,-57,0,0,1,unit2,Unit2,2,SIAGAS,575374,6689580
4300024731,575374,6689580,13,-90,-77,0,0,1,unit3,Unit3,3,SIAGAS,575374,6689580
4300026471,571577,6693560,4,-6,-2,0,0,1,unit1,Unit1,1,SIAGAS,571577,6693560
4300026471,571577,6693560,4,-42,-38,0,0,1,unit2,Unit2,2,SIAGAS,571577,6693560
4300026471,571577,6693560,4,-88,-84,0,0,1,unit3,Unit3,3,SIAGAS,571577,6693560
4300028406,580269,6674273,12,-14,-2,0,0,1,unit1,Unit1,1,SIAGAS,580269,6674273
4300028406,580269,6674273,12,-30,-18,0,0,1,unit2,Unit2,2,SIAGAS,580269,6674273
4300028406,580269,6674273,12,-66,-54,0,0,1,unit3,Unit3,3,SIAGAS,580269,6674273
4300021194,571635,6693336,6,-21,-15,0,0,1,unit1,Unit1,1,SIAGAS,571635,6693336
4300021194,571635,6693336,6,-66,-60,0,0,1,unit2,Unit2,2,SIAGAS,571635,6693336
4300021194,571635,6693336,6,-79,-73,0,0,1,unit3,Unit3,3,SIAGAS,571635,6693336
4300021746,572687,6692868,7,-23,-16,0,0,1,unit1,Unit1,1,SIAGAS,572687,6692868
4300021746,572687,6692868,7,-66,-59,0,0,1,unit2,Unit2,2,SIAGAS,572687,6692868
4300021746,572687,6692868,7,-69,-62,0,0,1,unit3,Unit3,3,SIAGAS,572687,6692868
4300021899,571887,6685830,17,-29,-12,0,0,1,unit1,Unit1,1,SIAGAS,571887,6685830
4300021899,571887,6685830,17,-75,-58,0,0,1,unit2,Unit2,2,SIAGAS,571887,6685830
4300021899*,571887,6685830,17,-94,-77,0,0,1,unit3,Unit3,3,SIAGAS,571887,6685830
4300021898,573122,6698275,15,-13,2,0,0,1,unit1,Unit1,1,SIAGAS,573122,6698275
4300021898,573122,6698275,15,-57,-42,0,0,1,unit2,Unit2,2,SIAGAS,573122,6698275
4300021898,573122,6698275,15,-65,-50,0,0,1,unit3,Unit3,3,SIAGAS,573122,6698275
4300024094,569962,6692251,23,-31,-8,0,0,1,unit1,Unit1,1,SIAGAS,569962,6692251
4300024094,569962,6692251,23,-70,-47,0,0,1,unit2,Unit2,2,SIAGAS,569962,6692251
4300024094*,569962,6692251,23,-90,-67,0,0,1,unit3,Unit3,3,SIAGAS,569962,6692251
4300021749,568051,6685265,15,-35,-20,0,0,1,unit1,Unit1,1,SIAGAS,568051,6685265
4300021749,568051,6685265,15,-68,-53,0,0,1,unit2,Unit2,2,SIAGAS,568051,6685265
4300021749*,568051,6685265,15,-84,-69,0,0,1,unit3,Unit3,3,SIAGAS,568051,6685265
4300021750,572907,6694036,6,-15,-9,0,0,1,unit1,Unit1,1,SIAGAS,572907,6694036
4300021750,572907,6694036,6,-56,-50,0,0,1,unit2,Unit2,2,SIAGAS,572907,6694036
4300021750,572907,6694036,6,-86,-80,0,0,1,unit3,Unit3,3,SIAGAS,572907,6694036
TG-95,579026,6702063,1.65,-20,-18.35,0,0,1,unit1,Unit1,1,CEP,579026,6702063
TG-95,579026,6702063,1.65,-55,-53.35,0,0,1,unit2,Unit2,2,CEP,579026,6702063
TG-95,579026,6702063,1.65,-75,-73.35,0,0,1,unit3,Unit3,3,CEP,579026,6702063
GT-005-RS,589310.63618722,6694305.94818968,4.2,-333,-328.8,130,1,1,unit4,Unit4,4,CEP,589310.63618722,6694305.94818968
GT-006-RS,592540.71767812,6705345.91955337,10.05,-208,-197.95,90,1,1,unit4,Unit4,4,CEP,592540.71767812,6705345.91955337
GT-007-RS,600170,6719650,18.12,-147,-128.88,90,1,1,unit4,Unit4,4,CEP,600170,6719650
Dummy point,600170.412,6719650.707,18.12,-147,-128.88,60,1,1,unit4,Unit4,4,Dummy point,600170.412,6719650.707
VES1,565597,6688811,19.6,-32.8,-31.8,0,0,1,unit1,Unit1,1,VES,565597,6688811
VES1,565597,6688811,19.6,-56.4,-55.4,0,0,1,unit2,Unit2,2,VES,565597,6688811
VES2,569703,6686834,15.7,-21.1,-20.1,0,0,1,unit1,Unit1,1,VES,569703,6686834
VES2,569703,6686834,15.7,-100,-99,0,0,1,unit2,Unit2,2,VES,569703,6686834
VES3,571724,6685298,18.7,-12.8,-11.8,0,0,1,unit1,Unit1,1,VES,571724,6685298
VES3,571724,6685298,18.7,-100,-99,0,0,1,unit2,Unit2,2,VES,571724,6685298
VES4*,585399,6682417,15.3,-4.3,-3.3,0,0,1,unit1,Unit1,1,VES,585399,6682417
VES4*,585399,6682417,15.3,-42.7,-41.7,0,0,1,unit2,Unit2,2,VES,585399,6682417
VES4*,585399,6682417,15.3,-83.9,-82.9,0,0,1,unit3,Unit3,3,VES,585399,6682417
VES5,580480,6681114,4.6,-22.9,-21.9,0,0,1,unit1,Unit1,1,VES,580480,6681114
VES5,580480,6681114,4.6,-46.7,-45.7,0,0,1,unit2,Unit2,2,VES,580480,6681114
VES6*,569147,6679527,12,-8.1,-7.1,0,0,1,unit1,Unit1,1,VES,569147,6679527
VES6*,569147,6679527,12,-100,-99,0,0,1,unit2,Unit2,2,VES,569147,6679527
VES7,583996,6683545,3.6,-7,-6,0,0,1,unit1,Unit1,1,VES,583996,6683545
VES7,583996,6683545,3.6,-100,-99,0,0,1,unit2,Unit2,2,VES,583996,6683545
VES8*,585399,6687435,6.1,-1.4,-0.4,0,0,1,unit1,Unit1,1,VES,585399,6687435
VES8*,585399,6687435,6.1,-100,-99,0,0,1,unit2,Unit2,2,VES,585399,6687435
VES9,580480,6675250,12.8,-19.5,-18.5,0,0,1,unit1,Unit1,1,VES,580480,6675250
VES9,580480,6675250,12.8,-47.1,-46.1,0,0,1,unit2,Unit2,2,VES,580480,6675250
VES10*,569147,6680059,19.5,-8.9,-7.9,0,0,1,unit1,Unit1,1,VES,569147,6680059
VES10*,569147,6680059,19.5,-100,-99,0,0,1,unit2,Unit2,2,VES,569147,6680059
VES11*,564051,6683636,23.8,-13,-12,0,0,1,unit1,Unit1,1,VES,564051,6683636
VES11*,564051,6683636,23.8,-100,-99,0,0,1,unit2,Unit2,2,VES,564051,6683636
VES12*,576502,6689206,7,-8.4,-7.4,0,0,1,unit1,Unit1,1,VES,576502,6689206
VES12*,576502,6689206,7,-103,-102,0,0,1,unit2,Unit2,2,VES,576502,6689206
VES13*,575846,6682987,13,-12.5,-11.5,0,0,1,unit1,Unit1,1,VES,575846,6682987
VES13*,575846,6682987,13,-72.9,-71.9,0,0,1,unit2,Unit2,2,VES,575846,6682987
VES14,579203,6694100,8,-15.2,-14.2,0,0,1,unit1,Unit1,1,VES,579203,6694100
VES14,579203,6694100,8,-61.6,-60.6,0,0,1,unit2,Unit2,2,VES,579203,6694100
VES15,581267,6692527,14,-32.7,-31.7,0,0,1,unit1,Unit1,1,VES,581267,6692527
VES15,581267,6692527,14,-86.3,-85.3,0,0,1,unit2,Unit2,2,VES,581267,6692527
VES16*,584036,6695394,4,-10.6,-9.6,0,0,1,unit1,Unit1,1,VES,584036,6695394
VES16*,584036,6695394,4,-113,-112,0,0,1,unit2,Unit2,2,VES,584036,6695394
VES17*,587556,6692975,4,-15.8,-14.8,0,0,1,unit1,Unit1,1,VES,587556,6692975
VES17*,587556,6692975,4,-113,-112,0,0,1,unit2,Unit2,2,VES,587556,6692975
VES18*,586647,6690511,7,-22.4,-21.4,0,0,1,unit1,Unit1,1,VES,586647,6690511
VES18*,586647,6690511,7,-113,-112,0,0,1,unit2,Unit2,2,VES,586647,6690511
VES19*,585889,6688452,7,-5.1,-4.1,0,0,1,unit1,Unit1,1,VES,585889,6688452
VES19*,585889,6688452,7,-113,-112,0,0,1,unit2,Unit2,2,VES,585889,6688452
GT-005-RS,589310.63618722,6694305.94818968,4.2,-344.5,-340.3,130,1,1,pelotas_lower,Pelotas_Basin_Lower,5,CEP,589310.63618722,6694305.94818968
GT-006-RS,592540.71767812,6705345.91955337,10.05,-265,-254.95,130,1,1,pelotas_lower,Pelotas_Basin_Lower,5,CEP,592540.71767812,6705345.91955337
GT-007-RS,600170,6719650,18.12,-178,-159.88,130,1,1,pelotas_lower,Pelotas_Basin_Lower,5,CEP,600170,6719650
2TO0001RS,617295,6755223,29,10,39,125,1,1,pelotas_lower,Pelotas_Basin_Lower,5,BDEP,617295,6755223
2PS0001RS,548888,6661381,11.2,-405,-393.8,0,0,1,pelotas_lower,Pelotas_Basin_Lower,5,BDEP,548888,6661381
TG-21,583610,6700175,9.18,-246.5,-237.32,0,0,1,pelotas_lower,Pelotas_Basin_Lower,5,CEP,583610,6700175
TG-22,590360,6699175,9.03,-313.55,-304.52,130,1,1,pelotas_lower,Pelotas_Basin_Lower,5,CEP,590360,6699175
TG-36,567620,6690510,14.63,-232.15,-217.52,0,0,1,pelotas_lower,Pelotas_Basin_Lower,5,CEP,567620,6690510
TG-37,582950,6694900,9.58,-285.75,-276.17,0,0,1,pelotas_lower,Pelotas_Basin_Lower,5,CEP,582950,6694900
TG-42,581125,6706225,5.34,-103,-97.66,0,0,1,pelotas_lower,Pelotas_Basin_Lower,5,CEP,581125,6706225
TG-54,579161,6690631,3.88,-301.7,-297.82,0,0,1,pelotas_lower,Pelotas_Basin_Lower,5,CEP,579161,6690631
TG-59,575080,6696920,11.45,-151.3,-139.85,0,0,1,pelotas_lower,Pelotas_Basin_Lower,5,CEP,575080,6696920
TG-65,574191,6685063,9.15,-358,-348.85,180,1,1,pelotas_lower,Pelotas_Basin_Lower,5,CEP,574191,6685063
TG-68,560250,6676280,18.21,-334.1,-315.89,180,1,1,pelotas_lower,Pelotas_Basin_Lower,5,CEP,560250,6676280
TG-69,565070,6682940,8.84,-292,-283.16,180,1,1,pelotas_lower,Pelotas_Basin_Lower,5,CEP,565070,6682940
TG-71,568930,6676420,14,-376,-362,0,0,1,pelotas_lower,Pelotas_Basin_Lower,5,CEP,568930,6676420
TG-77,568574,6686819,13.72,-268,-254.28,180,1,1,pelotas_lower,Pelotas_Basin_Lower,5,CEP,568574,6686819
TG-93,575394,6703501,7.67,-17,-9.33,0,0,1,pelotas_lower,Pelotas_Basin_Lower,5,CEP,575394,6703501
TG-94,573190,6690240,4.83,-89.8,-84.97,0,0,1,pelotas_lower,Pelotas_Basin_Lower,5,CEP,573190,6690240
TG-95,579026,6702063,1.65,-149.25,-147.6,0,0,1,pelotas_lower,Pelotas_Basin_Lower,5,CEP,579026,6702063
TG-97,584070,6696915,4.58,-271,-266.42,0,0,1,pelotas_lower,Pelotas_Basin_Lower,5,CEP,584070,6696915
TG-98,581081,6691809,4.98,-288,-283.02,0,0,1,pelotas_lower,Pelotas_Basin_Lower,5,CEP,581081,6691809
TG-99,579937,6687461,4.86,-366,-361.14,180,1,1,pelotas_lower,Pelotas_Basin_Lower,5,CEP,579937,6687461
TG-100,577810,6694780,7.34,-209,-201.66,0,0,1,pelotas_lower,Pelotas_Basin_Lower,5,CEP,577810,6694780
TG-117,556269,6680956,17.1,-380,-362.9,180,1,1,pelotas_lower,Pelotas_Basin_Lower,5,CEP,556269,6680956
TG-120,574942,6675714,1.84,-445,-443.16,90,1,1,pelotas_lower,Pelotas_Basin_Lower,5,CEP,574942,6675714
TG-121,557960,6678047,21.45,-325,-303.55,180,1,1,pelotas_lower,Pelotas_Basin_Lower,5,CEP,557960,6678047
TG-123,556007,6676075,14.86,-364,-349.14,180,1,1,pelotas_lower,Pelotas_Basin_Lower,5,CEP,556007,6676075
TG-126,570683,6690402,13.93,-340,-326.07,0,0,1,pelotas_lower,Pelotas_Basin_Lower,5,CEP,570683,6690402
TG-176,564250,6673500,17.16,-436,-418.84,180,1,1,pelotas_lower,Pelotas_Basin_Lower,5,CEP,564250,6673500
TG-177,570870,6681206,16.6,-371.65,-355.05,180,1,1,pelotas_lower,Pelotas_Basin_Lower,5,CEP,570870,6681206
TG-178,582571,6703675,2.59,-17.53,-14.94,0,0,1,pelotas_lower,Pelotas_Basin_Lower,5,CEP,582571,6703675
TG-179,573190,6701079,12.18,-145,-132.82,0,0,1,pelotas_lower,Pelotas_Basin_Lower,5,CEP,573190,6701079
TG-214,554548,6678397,10.32,-270,-259.68,180,1,1,pelotas_lower,Pelotas_Basin_Lower,5,CEP,554548,6678397
TG-221,559916,6681040,17.07,-300,-282.93,180,1,1,pelotas_lower,Pelotas_Basin_Lower,5,CEP,559916,6681040
TG-223,564431,6678282,19.72,-387,-367.28,180,1,1,pelotas_lower,Pelotas_Basin_Lower,5,CEP,564431,6678282
TG-225,572457,6677995,16,-440,-424,0,0,1,pelotas_lower,Pelotas_Basin_Lower,5,CEP,572457,6677995
TG-226,568046,6673967,15.48,-455,-439.52,90,1,1,pelotas_lower,Pelotas_Basin_Lower,5,CEP,568046,6673967
TG-227,575023,6693419,19.4,-169,-149.6,0,0,1,pelotas_lower,Pelotas_Basin_Lower,5,CEP,575023,6693419
4300002347,570520,6693200,12,-28,-16,0,0,1,pelotas_lower,Pelotas_Basin_Lower,5,SIAGAS,570520,6693200
4300002978,590458,6727066,4,-13,-9,0,0,1,pelotas_lower,Pelotas_Basin_Lower,5,SIAGAS,590458,6727066
4300002979,590320,6726786,4,-20,-16,0,0,1,pelotas_lower,Pelotas_Basin_Lower,5,SIAGAS,590320,6726786
4300002980,590204,6726311,15,-13.8,1.2,0,0,1,pelotas_lower,Pelotas_Basin_Lower,5,SIAGAS,590204,6726311
4300002981,590596,6727941,4,-17,-13,0,0,1,pelotas_lower,Pelotas_Basin_Lower,5,SIAGAS,590596,6727941
4300002982,590616,6727931,4,-16,-12,0,0,1,pelotas_lower,Pelotas_Basin_Lower,5,SIAGAS,590616,6727931
4300002983,589879,6726841,15,13,28,0,0,1,pelotas_lower,Pelotas_Basin_Lower,5,SIAGAS,589879,6726841
4300008108,616751,6752635,15,-21,-6,125,1,1,pelotas_lower,Pelotas_Basin_Lower,5,SIAGAS,616751,6752635
4300008110,612891,6760517,13,-3,10,0,0,1,pelotas_lower,Pelotas_Basin_Lower,5,SIAGAS,612891,6760517
4300008111,607191,6760718,15,15,30,0,0,1,pelotas_lower,Pelotas_Basin_Lower,5,SIAGAS,607191,6760718
4300008115,611219,6763973,12,2,14,0,0,1,pelotas_lower,Pelotas_Basin_Lower,5,SIAGAS,611219,6763973
4300008247,603469,6767364,12,9,21,0,0,1,pelotas_lower,Pelotas_Basin_Lower,5,SIAGAS,603469,6767364
4300008253,606899,6763624,25,17,42,0,0,1,pelotas_lower,Pelotas_Basin_Lower,5,SIAGAS,606899,6763624
4300008305,609831,6753855,8,-11,-3,0,0,1,pelotas_lower,Pelotas_Basin_Lower,5,SIAGAS,609831,6753855
4300008310,611429,6747047,16,12,28,170,1,1,pelotas_lower,Pelotas_Basin_Lower,5,SIAGAS,611429,6747047
4300008573,589279,6726796,31,18.5,49.5,0,0,1,pelotas_lower,Pelotas_Basin_Lower,5,SIAGAS,589279,6726796
4300008576,590614,6727928,4,-27,-23,0,0,1,pelotas_lower,Pelotas_Basin_Lower,5,SIAGAS,590614,6727928
4300008578,590324,6726787,4,-22,-18,0,0,1,pelotas_lower,Pelotas_Basin_Lower,5,SIAGAS,590324,6726787
4300008581,586672,6720790,9,6,15,0,0,1,pelotas_lower,Pelotas_Basin_Lower,5,SIAGAS,586672,6720790
4300008691,572771,6698951,20,5,25,0,0,1,pelotas_lower,Pelotas_Basin_Lower,5,SIAGAS,572771,6698951
4300008694,576804,6709150,19,-9,10,0,0,1,pelotas_lower,Pelotas_Basin_Lower,5,SIAGAS,576804,6709150
4300008725,578615,6714008,2,-19,-17,0,0,1,pelotas_lower,Pelotas_Basin_Lower,5,SIAGAS,578615,6714008
4300008726,578571,6713755,2,-3,-1,0,0,1,pelotas_lower,Pelotas_Basin_Lower,5,SIAGAS,578571,6713755
4300008727,578349,6713226,3,-17,-14,0,0,1,pelotas_lower,Pelotas_Basin_Lower,5,SIAGAS,578349,6713226
4300008728,577802,6715217,3,-21,-18,0,0,1,pelotas_lower,Pelotas_Basin_Lower,5,SIAGAS,577802,6715217
4300010177,619019,6756349,8,-1,7,125,1,1,pelotas_lower,Pelotas_Basin_Lower,5,SIAGAS,619019,6756349
4300017268,614930,6750142,12,12,24,170,1,1,pelotas_lower,Pelotas_Basin_Lower,5,SIAGAS,614930,6750142
4300021748,570270,6693574,17,-14,3,0,0,1,pelotas_lower,Pelotas_Basin_Lower,5,SIAGAS,570270,6693574
4300021750,572907,6694036,6,-99,-93,0,0,1,pelotas_lower,Pelotas_Basin_Lower,5,SIAGAS,572907,6694036
4300021898,573122,6698275,15,-65,-50,0,0,1,pelotas_lower,Pelotas_Basin_Lower,5,SIAGAS,573122,6698275
4300021900,572942,6699550,6,-25,-19,0,0,1,pelotas_lower,Pelotas_Basin_Lower,5,SIAGAS,572942,6699550
4300021965,598900,6734245,7,-48,-41,0,0,1,pelotas_lower,Pelotas_Basin_Lower,5,SIAGAS,598900,6734245
4300024087,576289,6708205,17,-15,2,0,0,1,pelotas_lower,Pelotas_Basin_Lower,5,SIAGAS,576289,6708205
4300024089,577384,6708703,19,4,23,0,0,1,pelotas_lower,Pelotas_Basin_Lower,5,SIAGAS,577384,6708703
4300024090,578865,6704999,17,7,24,0,0,1,pelotas_lower,Pelotas_Basin_Lower,5,SIAGAS,578865,6704999
4300024097,573124,6698268,3,-62,-59,0,0,1,pelotas_lower,Pelotas_Basin_Lower,5,SIAGAS,573124,6698268
4300024620,573300,6693300,7,-92,-85,0,0,1,pelotas_lower,Pelotas_Basin_Lower,5,SIAGAS,573300,6693300
4300024918,607608,6743973,11,-1,10,170,1,1,pelotas_lower,Pelotas_Basin_Lower,5,SIAGAS,607608,6743973
4300025125,615818,6750300,37,2,39,170,1,1,pelotas_lower,Pelotas_Basin_Lower,5,SIAGAS,615818,6750300
4300025402,576692,6707403,12,-36,-24,0,0,1,pelotas_lower,Pelotas_Basin_Lower,5,SIAGAS,576692,6707403
4300026041,593661,6725836,8,-19,-11,0,0,1,pelotas_lower,Pelotas_Basin_Lower,5,SIAGAS,593661,6725836
4300028460,613679,6757293,0,-15,-15,0,0,1,pelotas_lower,Pelotas_Basin_Lower,5,SIAGAS,613679,6757293
4300028502,575596,6707140,10,-2,8,0,0,1,pelotas_lower,Pelotas_Basin_Lower,5,SIAGAS,575596,6707140
4300028551,572982,6697646,11,-13,-2,0,0,1,pelotas_lower,Pelotas_Basin_Lower,5,SIAGAS,572982,6697646
4300028552,575764,6707005,8,-52,-44,0,0,1,pelotas_lower,Pelotas_Basin_Lower,5,SIAGAS,575764,6707005
Parana_Basin_outrcrop_1,559708,6695008,0,0,0,230,1,1,pelotas_lower,Pelotas_Basin_Lower,5,Paraná Basin Outcrop,559708,6695008
Parana_Basin_outrcrop_2,561922,6693326,0,0,0,180,1,1,pelotas_lower,Pelotas_Basin_Lower,5,Paraná Basin Outcrop,561922,6693326
Parana_Basin_outrcrop_3,564917,6693143,0,0,0,180,1,1,pelotas_lower,Pelotas_Basin_Lower,5,Paraná Basin Outcrop,564917,6693143
Parana_Basin_outrcrop_4,567806,6693623,0,0,0,155,1,1,pelotas_lower,Pelotas_Basin_Lower,5,Paraná Basin Outcrop,567806,6693623
Parana_Basin_outrcrop_5,570597,6694723,0,0,0,160,1,1,pelotas_lower,Pelotas_Basin_Lower,5,Paraná Basin Outcrop,570597,6694723
Parana_Basin_outrcrop_6,572376,6696694,0,0,0,102,1,1,pelotas_lower,Pelotas_Basin_Lower,5,Paraná Basin Outcrop,572376,6696694
Parana_Basin_outrcrop_7,573045,6699618,0,0,0,100,1,1,pelotas_lower,Pelotas_Basin_Lower,5,Paraná Basin Outcrop,573045,6699618
Parana_Basin_outrcrop_8,573715,6702542,0,0,0,100,1,1,pelotas_lower,Pelotas_Basin_Lower,5,Paraná Basin Outcrop,573715,6702542
Parana_Basin_outrcrop_9,574385,6705467,0,0,0,100,1,1,pelotas_lower,Pelotas_Basin_Lower,5,Paraná Basin Outcrop,574385,6705467
Parana_Basin_outrcrop_10,575055,6708391,0,0,0,101,1,1,pelotas_lower,Pelotas_Basin_Lower,5,Paraná Basin Outcrop,575055,6708391
Parana_Basin_outrcrop_11,576069,6711163,0,0,0,114,1,1,pelotas_lower,Pelotas_Basin_Lower,5,Paraná Basin Outcrop,576069,6711163
Parana_Basin_outrcrop_12,577779,6713628,0,0,0,125,1,1,pelotas_lower,Pelotas_Basin_Lower,5,Paraná Basin Outcrop,577779,6713628
Parana_Basin_outrcrop_13,579489,6716093,0,0,0,125,1,1,pelotas_lower,Pelotas_Basin_Lower,5,Paraná Basin Outcrop,579489,6716093
Parana_Basin_outrcrop_14,581198,6718558,0,0,0,125,1,1,pelotas_lower,Pelotas_Basin_Lower,5,Paraná Basin Outcrop,581198,6718558
Parana_Basin_outrcrop_15,582908,6721024,0,0,0,125,1,1,pelotas_lower,Pelotas_Basin_Lower,5,Paraná Basin Outcrop,582908,6721024
Parana_Basin_outrcrop_16,584618,6723489,0,0,0,125,1,1,pelotas_lower,Pelotas_Basin_Lower,5,Paraná Basin Outcrop,584618,6723489
Parana_Basin_outrcrop_17,586328,6725954,0,0,0,125,1,1,pelotas_lower,Pelotas_Basin_Lower,5,Paraná Basin Outcrop,586328,6725954
Parana_Basin_outrcrop_18,588037,6728419,0,0,0,125,1,1,pelotas_lower,Pelotas_Basin_Lower,5,Paraná Basin Outcrop,588037,6728419
Parana_Basin_outrcrop_19,590103,6730469,0,0,0,150,1,1,pelotas_lower,Pelotas_Basin_Lower,5,Paraná Basin Outcrop,590103,6730469
Parana_Basin_outrcrop_20,592800,6731782,0,0,0,150,1,1,pelotas_lower,Pelotas_Basin_Lower,5,Paraná Basin Outcrop,592800,6731782
Parana_Basin_outrcrop_21,595497,6733096,0,0,0,150,1,1,pelotas_lower,Pelotas_Basin_Lower,5,Paraná Basin Outcrop,595497,6733096
Parana_Basin_outrcrop_22,597986,6734658,0,0,0,130,1,1,pelotas_lower,Pelotas_Basin_Lower,5,Paraná Basin Outcrop,597986,6734658
Parana_Basin_outrcrop_23,599745,6737088,0,0,0,130,1,1,pelotas_lower,Pelotas_Basin_Lower,5,Paraná Basin Outcrop,599745,6737088
Parana_Basin_outrcrop_24,601504,6739518,0,0,0,130,1,1,pelotas_lower,Pelotas_Basin_Lower,5,Paraná Basin Outcrop,601504,6739518
Parana_Basin_outrcrop_25,603263,6741948,0,0,0,130,0,1,pelotas_lower,Pelotas_Basin_Lower,5,Paraná Basin Outcrop,603263,6741948
Parana_Basin_outrcrop_26,604576,6744484,0,0,0,90,0,1,pelotas_lower,Pelotas_Basin_Lower,5,Paraná Basin Outcrop,604576,6744484
Parana_Basin_outrcrop_27,604086,6747443,0,0,0,77,0,1,pelotas_lower,Pelotas_Basin_Lower,5,Paraná Basin Outcrop,604086,6747443
Parana_Basin_outrcrop_28,603596,6750403,0,0,0,77,0,1,pelotas_lower,Pelotas_Basin_Lower,5,Paraná Basin Outcrop,603596,6750403
Parana_Basin_outrcrop_29,603106,6753363,0,0,0,77,0,1,pelotas_lower,Pelotas_Basin_Lower,5,Paraná Basin Outcrop,603106,6753363
Parana_Basin_outrcrop_30,603206,6756296,0,0,0,111,0,1,pelotas_lower,Pelotas_Basin_Lower,5,Paraná Basin Outcrop,603206,6756296
Parana_Basin_outrcrop_31,603957,6759201,0,0,0,111,0,1,pelotas_lower,Pelotas_Basin_Lower,5,Paraná Basin Outcrop,603957,6759201
Parana_Basin_outrcrop_32,604708,6762105,0,0,0,111,0,1,pelotas_lower,Pelotas_Basin_Lower,5,Paraná Basin Outcrop,604708,6762105
Parana_Basin_outrcrop_33,604903,6764800,0,0,0,60,0,1,pelotas_lower,Pelotas_Basin_Lower,5,Paraná Basin Outcrop,604903,6764800
Parana_Basin_outrcrop_34,602423,6766488,0,0,0,30,0,1,pelotas_lower,Pelotas_Basin_Lower,5,Paraná Basin Outcrop,602423,6766488
Parana_Basin_outrcrop_35,599800,6767194,0,0,0,340,0,1,pelotas_lower,Pelotas_Basin_Lower,5,Paraná Basin Outcrop,599800,6767194
Parana_Basin_outrcrop_36,596941,6766282,0,0,0,340,0,1,pelotas_lower,Pelotas_Basin_Lower,5,Paraná Basin Outcrop,596941,6766282
Parana_Basin_outrcrop_37,566297.737,6701210.925,627,627,627,0,0,1,pelotas_lower,Pelotas_Basin_Lower,5,Paraná Basin Outcrop,566297.737,6701210.925
Parana_Basin_outrcrop_38,571717.255,6712933.198,708,708,708,0,0,1,pelotas_lower,Pelotas_Basin_Lower,5,Paraná Basin Outcrop,571717.255,6712933.198
Parana_Basin_outrcrop_39,579053.037,6726735.729,877,877,877,0,0,1,pelotas_lower,Pelotas_Basin_Lower,5,Paraná Basin Outcrop,579053.037,6726735.729
Parana_Basin_outrcrop_40,592216.167,6751205.769,942,942,942,0,0,1,pelotas_lower,Pelotas_Basin_Lower,5,Paraná Basin Outcrop,592216.167,6751205.769
GT-006-RS,592540.71767812,6705345.91955337,10.05,-989.35,-979.3,0,0,1,parana_basin,Parana_Province,7,CEP,592540.71767812,6705345.91955337
2TO0001RS,617295,6755223,29,-974,-945,0,0,1,parana_basin,Parana_Province,7,BDEP,617295,6755223
GT-007-RS,600170,6719650,18.12,-1084.3,-1066.18,0,0,1,parana_basin,Parana_Province,7,CEP,600170,6719650
TG-021-RS,583550.66884502,6700170.97699406,9.18,-864.3,-855.12,0,0,1,parana_basin,Parana_Province,7,CEP,583550.66884502,6700170.97699406
TG-025-RS,584319.57967287,6687159.99703028,1.12,-473.7,-472.58,0,0,1,parana_basin,Parana_Province,7,CEP,584319.57967287,6687159.99703028
TG-040-RS,578765.53239933,6681526.05212783,3.97,-448.22,-444.25,0,0,1,parana_basin,Parana_Province,7,CEP,578765.53239933,6681526.05212783
TG-042-RS,581065.71269236,6706220.98910354,5.34,-862.95,-857.61,0,0,1,parana_basin,Parana_Province,7,CEP,581065.71269236,6706220.98910354
TG-047-RS,572820.51165212,6669621.15681383,5.38,-491.7,-486.32,0,1,1,parana_basin,Parana_Province,7,CEP,572820.51165212,6669621.15681383
TG-054-RS,579101.59737547,6690627.03007774,3.88,-719,-715.12,0,0,1,parana_basin,Parana_Province,7,CEP,579101.59737547,6690627.03007774
TG-059-RS,574969.64563517,6696802.06156735,11.45,-899.64,-888.19,0,0,1,parana_basin,Parana_Province,7,CEP,574969.64563517,6696802.06156735
TG-065-RS,574040.56506349,6685021.09697919,9.15,-595.45,-586.3,0,0,1,parana_basin,Parana_Province,7,CEP,574040.56506349,6685021.09697919
TG-069-RS,565010.56618812,6682936.20130444,8.84,-571.78,-562.94,0,0,1,parana_basin,Parana_Province,7,CEP,565010.56618812,6682936.20130444
TG-071-RS,568870.53723265,6676416.17999193,14,-585.1,-571.1,0,1,1,parana_basin,Parana_Province,7,CEP,568870.53723265,6676416.17999193
TG-094-RS,573130.60220223,6690236.09537604,4.83,-663.15,-658.32,0,0,1,parana_basin,Parana_Province,7,CEP,573130.60220223,6690236.09537604
TG-095-RS,578939.68016333,6701941.01242673,1.65,-940.68,-939.03,0,0,1,parana_basin,Parana_Province,7,CEP,578939.68016333,6701941.01242673
TG-097-RS,584010.64611119,6696910.97905721,4.58,-762.8,-758.22,0,0,1,parana_basin,Parana_Province,7,CEP,584010.64611119,6696910.97905721
TG-098-RS,581021.60547002,6691805.0095918,4.98,-703.4,-698.42,0,0,1,parana_basin,Parana_Province,7,CEP,581021.60547002,6691805.0095918
TG-099-RS,579877.57337128,6687457.02792702,4.86,-652,-647.14,0,0,1,parana_basin,Parana_Province,7,CEP,579877.57337128,6687457.02792702
TG-120-RS,574883.38150593,6675710.98274209,1.84,-445.75,-443.91,0,1,1,parana_basin,Parana_Province,7,CEP,574883.38150593,6675710.98274209
TG-126-RS,570623.60647383,6690398.12203897,13.93,-688.36,-674.43,0,0,1,parana_basin,Parana_Province,7,CEP,570623.60647383,6690398.12203897
TG-177-RS,570810.54467159,6681202.14135964,16.6,-674,-657.4,0,1,1,parana_basin,Parana_Province,7,CEP,570810.54467159,6681202.14135964
TG-179-RS,573130.67715171,6701075.07393239,12.18,-903.71,-891.53,0,0,1,parana_basin,Parana_Province,7,CEP,573130.67715171,6701075.07393239
TG-221-RS,559857.26316242,6681037.22797137,17.07,-334.2,-317.13,0,1,1,parana_basin,Parana_Province,7,CEP,559857.26316242,6681037.22797137
TG-223-RS,564372.22056686,6678278.34429027,19.72,-387.7,-367.98,0,0,1,parana_basin,Parana_Province,7,CEP,564372.22056686,6678278.34429027
TG-225-RS,572397.82287039,6677991.48405136,16,-486.5,-470.5,0,1,1,parana_basin,Parana_Province,7,CEP,572397.82287039,6677991.48405136
TG-226-RS,567986.53444905,6673963.19933743,15.48,-499.5,-484.02,0,1,1,parana_basin,Parana_Province,7,CEP,567986.53444905,6673963.19933743
TG-228-RS,587490.63088119,6698510.27173842,0.31,-873.8,-873.49,0,0,1,parana_basin,Parana_Province,7,CEP,587490.63088119,6698510.27173842
TG-229-RS,574915.54705102,6682628.09257497,11.57,-519.06,-507.49,0,0,1,parana_basin,Parana_Province,7,CEP,574915.54705102,6682628.09257497
4300008746,593033,6708223,5,-35,-30,0,0,1,unit1,Unit1,1,SIAGAS,593033,6708223
4300008746,593033,6708223,5,-51,-46,0,0,1,unit2,Unit2,2,SIAGAS,593033,6708223
4300008746,593033,6708223,5,-83,-78,0,0,1,unit3,Unit3,3,SIAGAS,593033,6708223
4300008746,593033,6708223,5,-135,-130,0,0,1,unit4,Unit4,4,SIAGAS,593033,6708223
4300020527,594058,6708510,6.87,-12,-5.13,0,0,1,unit1,Unit1,1,SIAGAS,594058,6708510
4300020527,594058,6708510,6.87,-70,-63.13,0,0,1,unit2,Unit2,2,SIAGAS,594058,6708510
4300020527,594058,6708510,6.87,-94,-87.13,0,0,1,unit3,Unit3,3,SIAGAS,594058,6708510
4300025596,592180,6708082,7,-11,-4,0,0,1,unit1,Unit1,1,SIAGAS,592180,6708082
4300025596,592180,6708082,7,-68,-61,0,0,1,unit2,Unit2,2,SIAGAS,592180,6708082
4300025596*,592180,6708082,7,-77,-70,0,0,1,unit3,Unit3,3,SIAGAS,592180,6708082
4300021751,589074,6695009,5,-44,-39,0,0,1,unit1,Unit1,1,SIAGAS,589074,6695009
4300021751,589074,6695009,5,-80,-75,0,0,1,unit2,Unit2,2,SIAGAS,589074,6695009
4300024097,573124,6698268,3,-27,-24,0,0,1,unit1,Unit1,1,SIAGAS,573124,6698268
4300024097,573124,6698268,3,-57,-54,0,0,1,unit4,Unit4,4,SIAGAS,573124,6698268
Dummy point,573123.785,6698267.215,3,-57,-54,180,1,1,unit4,Unit4,4,Dummy point,573123.785,6698267.215
4300024097,573124,6698268,3,-65,-62,0,0,1,pelotas_lower,Pelotas_Basin_Lower,5,SIAGAS,573124,6698268
4300024099,571809,6685623,8,-29,-21,0,0,1,unit1,Unit1,1,SIAGAS,571809,6685623
4300024099,571809,6685623,8,-75,-67,0,0,1,unit2,Unit2,2,SIAGAS,571809,6685623
4300024099*,571809,6685623,8,-94,-86,0,0,1,unit3,Unit3,3,SIAGAS,571809,6685623
4300024620,573300,6693300,7,-8,-1,0,0,1,unit1,Unit1,1,SIAGAS,573300,6693300
4300024620,573300,6693300,7,-56,-49,0,0,1,unit2,Unit2,2,SIAGAS,573300,6693300
4300024620,573300,6693300,7,-86,-79,0,0,1,unit3,Unit3,3,SIAGAS,573300,6693300
4300024687,572750,6692800,13,-23,-10,0,0,1,unit1,Unit1,1,SIAGAS,572750,6692800
4300024687,572750,6692800,13,-66,-53,0,0,1,unit2,Unit2,2,SIAGAS,572750,6692800
4300024687,572750,6692800,13,-69,-56,0,0,1,unit3,Unit3,3,SIAGAS,572750,6692800
4300025397,565067,6687022,12.5,-60,-47.5,0,0,1,unit2,Unit2,2,SIAGAS,565067,6687022
4300025397,565067,6687022,12.5,-82,-69.5,0,0,1,unit3,Unit3,3,SIAGAS,565067,6687022
4300008101,615547,6743570,25,-20,5,0,0,1,unit1,Unit1,1,SIAGAS,615547,6743570
4300008102,618432,6747533,27,-19,8,0,0,1,unit1,Unit1,1,SIAGAS,618432,6747533
4300002985,580300,6677925,6,-66,-60,0,0,1,unit2,Unit2,2,SIAGAS,580300,6677925
4300002985,580300,6677925,6,-85,-79,0,0,1,unit3,Unit3,3,SIAGAS,580300,6677925
4300008564,580223,6675672,12,-38,-26,0,0,1,unit1,Unit1,1,SIAGAS,580223,6675672
4300008564,580223,6675672,12,-74,-62,0,0,1,unit2,Unit2,2,SIAGAS,580223,6675672
4300008564,580223,6675672,12,-91,-79,0,0,1,unit3,Unit3,3,SIAGAS,580223,6675672
4300025404,580160,6677209,2,-22,-20,0,0,1,unit1,Unit1,1,SIAGAS,580160,6677209
4300025404,580160,6677209,2,-67,-65,0,0,1,unit2,Unit2,2,SIAGAS,580160,6677209
4300025404*,580160,6677209,2,-100,-98,0,0,1,unit3,Unit3,3,SIAGAS,580160,6677209
4300025405,580190,6675680,13,-10,3,0,0,1,unit1,Unit1,1,SIAGAS,580190,6675680
4300025405,580190,6675680,13,-77,-64,0,0,1,unit2,Unit2,2,SIAGAS,580190,6675680
4300025405,580190,6675680,13,-90,-77,0,0,1,unit3,Unit3,3,SIAGAS,580190,6675680
4300021965,598900,6734245,7,-5,2,0,0,1,unit1,Unit1,1,SIAGAS,598900,6734245
4300021965,598900,6734245,7,-29,-22,0,0,1,unit2,Unit2,2,SIAGAS,598900,6734245
4300021965,598900,6734245,7,-55,-48,0,0,1,unit3,Unit3,3,SIAGAS,598900,6734245
4300008556,592766,6705207,7,-14,-7,0,0,1,unit1,Unit1,1,SIAGAS,592766,6705207
4300008556,592766,6705207,7,-79,-72,0,0,1,unit2,Unit2,2,SIAGAS,592766,6705207
4300020529,590649,6702227,5.68,-40,-34.32,0,0,1,unit1,Unit1,1,SIAGAS,590649,6702227
4300020529,590649,6702227,5.68,-80,-74.32,0,0,1,unit2,Unit2,2,SIAGAS,590649,6702227
